2023 National Employment Matrix title,"Employment, 2023","Employment, 2033","Employment change, numeric, 2023–33","Employment change, percent, 2023–33","Median annual wage, dollars, 2023[1]",Typical education needed for entry
"Total, all occupations","167,849.8","174,589.0","6,739.2",4.0,"48,060",—
  Chief executives,313.9,331.1,17.2,5.5,"206,680",Bachelor's degree
  General and operations managers,"3,630.1","3,840.5",210.4,5.8,"101,280",Bachelor's degree
  Legislators[2],33.7,35.0,1.4,4.1,"47,290",Bachelor's degree
  Advertising and promotions managers,22.2,21.7,-0.6,-2.6,"131,870",Bachelor's degree
  Marketing managers,389.1,420.8,31.7,8.2,"157,620",Bachelor's degree
  Sales managers,584.8,619.1,34.3,5.9,"135,160",Bachelor's degree
  Public relations managers[2],78.4,83.8,5.4,6.9,"134,760",Bachelor's degree
  Fundraising managers[2],38.2,40.5,2.3,5.9,"119,200",Bachelor's degree
  Administrative services managers,256.8,272.8,16.0,6.2,"106,470",Bachelor's degree
  Facilities managers[2],140.5,147.9,7.4,5.3,"102,340",Bachelor's degree
  Computer and information systems managers,613.5,720.4,106.9,17.4,"169,510",Bachelor's degree
  Financial managers,837.1,975.3,138.3,16.5,"156,100",Bachelor's degree
  Industrial production managers,230.1,236.7,6.5,2.8,"116,970",Bachelor's degree
  Purchasing managers,81.3,85.4,4.1,5.1,"136,380",Bachelor's degree
"  Transportation, storage, and distribution managers",211.8,230.8,19.1,9.0,"99,200",High school diploma or equivalent
  Compensation and benefits managers,19.1,19.5,0.4,2.1,"136,380",Bachelor's degree
  Human resources managers,208.9,222.5,13.5,6.5,"136,350",Bachelor's degree
  Training and development managers,43.2,46.4,3.2,7.3,"125,040",Bachelor's degree
"  Farmers, ranchers, and other agricultural managers",856.6,842.9,-13.8,-1.6,"83,770",High school diploma or equivalent
  Construction managers,520.9,568.5,47.6,9.1,"104,900",Bachelor's degree
"  Education and childcare administrators, preschool and daycare",80.9,79.2,-1.7,-2.1,"54,290",Bachelor's degree
"  Education administrators, kindergarten through secondary",316.6,315.0,-1.6,-0.5,"103,460",Master's degree
"  Education administrators, postsecondary",216.4,222.7,6.2,2.9,"102,610",Master's degree
"  Education administrators, all other[2]",57.7,59.1,1.4,2.5,"88,460",Bachelor's degree
  Architectural and engineering managers,210.2,221.8,11.6,5.5,"165,370",Bachelor's degree
  Food service managers,393.6,399.5,5.9,1.5,"63,060",High school diploma or equivalent
  Gambling managers,5.3,5.5,0.3,5.1,"82,380",High school diploma or equivalent
"  Entertainment and recreation managers, except gambling[2]",35.8,39.7,3.9,10.8,"73,460",Bachelor's degree
  Lodging managers,53.3,58.6,5.3,9.9,"65,360",High school diploma or equivalent
  Medical and health services managers,562.7,723.3,160.6,28.5,"110,680",Bachelor's degree
  Natural sciences managers,100.1,107.6,7.5,7.5,"157,740",Bachelor's degree
  Postmasters and mail superintendents,13.2,12.8,-0.4,-3.0,"88,670",High school diploma or equivalent
"  Property, real estate, and community association managers",467.1,482.2,15.1,3.2,"62,850",High school diploma or equivalent
  Social and community service managers,199.5,215.9,16.4,8.2,"77,030",Bachelor's degree
  Emergency management directors,12.4,12.9,0.5,4.0,"83,960",Bachelor's degree
  Funeral home managers,35.8,37.4,1.6,4.5,"75,660",Associate's degree
"  Personal service managers, all other[2]",27.9,29.8,1.9,6.9,"57,570",High school diploma or equivalent
"  Managers, all other[2]","1,282.5","1,356.2",73.7,5.7,"133,560",Bachelor's degree
"  Agents and business managers of artists, performers, and athletes",18.6,20.4,1.7,9.2,"84,900",Bachelor's degree
  Buyers and purchasing agents,524.1,561.4,37.2,7.1,"71,950",Bachelor's degree
"  Claims adjusters, examiners, and investigators",345.2,330.0,-15.2,-4.4,"75,050",High school diploma or equivalent
"  Insurance appraisers, auto damage",10.5,9.5,-1.0,-9.2,"74,520",Postsecondary nondegree award
  Compliance officers,403.9,425.8,21.9,5.4,"75,670",Bachelor's degree
  Cost estimators,227.9,219.6,-8.3,-3.6,"74,740",Bachelor's degree
  Human resources specialists,933.7,"1,007.9",74.2,7.9,"67,650",Bachelor's degree
  Farm labor contractors,1.5,1.6,0.1,6.6,"45,730",No formal educational credential
  Labor relations specialists,65.8,65.6,-0.2,-0.3,"89,980",Bachelor's degree
  Logisticians,237.1,282.9,45.8,19.3,"79,400",Bachelor's degree
  Project management specialists[2],973.6,"1,043.4",69.9,7.2,"98,580",Bachelor's degree
  Management analysts,"1,018.3","1,126.2",107.9,10.6,"99,410",Bachelor's degree
"  Meeting, convention, and event planners",149.0,158.9,9.9,6.6,"56,920",Bachelor's degree
  Fundraisers,125.9,133.3,7.4,5.9,"64,160",Bachelor's degree
"  Compensation, benefits, and job analysis specialists",103.7,111.0,7.2,7.0,"74,530",Bachelor's degree
  Training and development specialists,420.1,468.6,48.5,11.5,"64,340",Bachelor's degree
  Market research analysts and marketing specialists,903.4,978.3,74.9,8.3,"74,680",Bachelor's degree
"  Business operations specialists, all other[2]","1,181.5","1,245.3",63.8,5.4,"79,590",Bachelor's degree
  Accountants and auditors,"1,562.0","1,653.4",91.4,5.8,"79,880",Bachelor's degree
  Property appraisers and assessors[2],83.9,87.1,3.2,3.9,"61,630",Bachelor's degree
  Budget analysts,50.8,52.7,2.0,3.9,"84,940",Bachelor's degree
  Credit analysts,73.7,70.8,-2.8,-3.9,"79,420",Bachelor's degree
  Financial and investment analysts[2],347.4,380.5,33.1,9.5,"99,010",Bachelor's degree
  Personal financial advisors,321.0,375.9,55.0,17.1,"99,580",Bachelor's degree
  Insurance underwriters,118.4,113.7,-4.7,-4.0,"77,860",Bachelor's degree
  Financial risk specialists[2],57.5,62.3,4.8,8.4,"106,090",Bachelor's degree
  Financial examiners,65.5,79.2,13.8,21.0,"84,300",Bachelor's degree
  Credit counselors,31.8,33.3,1.5,4.9,"48,570",Bachelor's degree
  Loan officers,334.1,338.7,4.5,1.4,"69,990",Bachelor's degree
"  Tax examiners and collectors, and revenue agents",54.0,55.0,1.0,1.9,"58,530",Bachelor's degree
  Tax preparers,103.8,108.2,4.4,4.2,"49,010",High school diploma or equivalent
"  Financial specialists, all other[2]",129.8,137.9,8.1,6.2,"78,310",Bachelor's degree
  Computer systems analysts,527.2,583.7,56.5,10.7,"103,800",Bachelor's degree
  Information security analysts,180.7,239.8,59.1,32.7,"120,360",Bachelor's degree
  Computer and information research scientists,36.6,46.0,9.4,25.6,"145,080",Master's degree
  Computer network support specialists,166.7,178.8,12.1,7.3,"71,530",Associate's degree
  Computer user support specialists,725.3,762.5,37.2,5.1,"59,240","Some college, no degree"
  Computer network architects,177.8,201.7,23.9,13.4,"129,840",Bachelor's degree
  Database administrators,80.5,87.1,6.6,8.2,"101,510",Bachelor's degree
  Database architects,61.4,68.0,6.6,10.8,"134,700",Bachelor's degree
  Network and computer systems administrators,335.4,326.6,-8.8,-2.6,"95,360",Bachelor's degree
  Computer programmers,139.4,126.0,-13.4,-9.6,"99,700",Bachelor's degree
  Software developers[2],"1,692.1","1,995.7",303.7,17.9,"132,270",Bachelor's degree
  Software quality assurance analysts and testers,205.0,229.2,24.2,11.8,"101,800",Bachelor's degree
  Web developers,94.1,102.5,8.5,9.0,"84,960",Bachelor's degree
  Web and digital interface designers[2],128.6,138.8,10.2,7.9,"98,540",Bachelor's degree
"  Computer occupations, all other[2]",470.9,522.0,51.1,10.8,"104,920",Bachelor's degree
  Actuaries,30.2,36.8,6.6,21.8,"120,000",Bachelor's degree
  Mathematicians,2.5,2.5,0.1,3.7,"116,440",Master's degree
  Operations research analysts,123.3,151.6,28.3,23.0,"83,640",Bachelor's degree
  Statisticians,32.4,36.2,3.8,11.8,"104,110",Master's degree
  Data scientists[2],202.9,276.0,73.1,36.0,"108,020",Bachelor's degree
"  Mathematical science occupations, all other[2]",4.6,4.9,0.3,6.9,"70,620",Bachelor's degree
"  Architects, except landscape and naval",127.3,137.2,9.9,7.8,"93,310",Bachelor's degree
  Landscape architects,24.7,25.8,1.2,4.7,"79,320",Bachelor's degree
  Cartographers and photogrammetrists,12.9,13.7,0.8,6.3,"76,210",Bachelor's degree
  Surveyors,52.6,55.7,3.1,5.9,"68,540",Bachelor's degree
  Aerospace engineers,68.9,73.0,4.1,6.0,"130,720",Bachelor's degree
  Agricultural engineers,1.9,2.0,0.1,7.8,"88,750",Bachelor's degree
  Bioengineers and biomedical engineers,19.7,21.2,1.5,7.4,"100,730",Bachelor's degree
  Chemical engineers,21.4,23.5,2.1,9.8,"112,100",Bachelor's degree
  Civil engineers,341.8,363.9,22.1,6.5,"95,890",Bachelor's degree
  Computer hardware engineers,84.1,90.2,6.1,7.2,"138,080",Bachelor's degree
  Electrical engineers,189.1,206.3,17.2,9.1,"106,950",Bachelor's degree
"  Electronics engineers, except computer",98.7,107.6,8.9,9.1,"119,200",Bachelor's degree
  Environmental engineers,41.3,44.2,2.9,6.9,"100,090",Bachelor's degree
"  Health and safety engineers, except mining safety engineers and inspectors",23.1,24.3,1.2,5.1,"103,690",Bachelor's degree
  Industrial engineers,336.6,377.5,40.9,12.2,"99,380",Bachelor's degree
  Marine engineers and naval architects,10.1,11.0,0.8,8.0,"100,270",Bachelor's degree
  Materials engineers,25.0,26.9,1.8,7.4,"104,100",Bachelor's degree
  Mechanical engineers,291.9,323.9,32.1,11.0,"99,510",Bachelor's degree
"  Mining and geological engineers, including mining safety engineers",7.1,7.3,0.1,2.0,"100,640",Bachelor's degree
  Nuclear engineers,13.4,13.3,-0.1,-0.8,"125,460",Bachelor's degree
  Petroleum engineers,20.8,21.3,0.5,2.4,"135,690",Bachelor's degree
"  Engineers, all other[2]",161.1,169.2,8.0,5.0,"111,970",Bachelor's degree
  Architectural and civil drafters,112.3,113.6,1.3,1.1,"61,820",Associate's degree
  Electrical and electronics drafters,23.2,24.2,1.0,4.1,"69,260",Associate's degree
  Mechanical drafters,50.4,47.9,-2.5,-4.9,"64,060",Associate's degree
"  Drafters, all other[2]",18.5,17.4,-1.1,-5.7,"59,260",Associate's degree
  Aerospace engineering and operations technologists and technicians,11.0,11.9,0.9,7.9,"77,830",Associate's degree
  Civil engineering technologists and technicians,66.0,67.1,1.2,1.8,"60,700",Associate's degree
  Electrical and electronic engineering technologists and technicians,99.6,102.6,3.0,3.0,"72,800",Associate's degree
  Electro-mechanical and mechatronics technologists and technicians,15.8,15.6,-0.2,-1.2,"65,080",Associate's degree
  Environmental engineering technologists and technicians,14.2,14.5,0.3,2.3,"54,000",Associate's degree
  Industrial engineering technologists and technicians,74.5,77.6,3.0,4.1,"62,610",Associate's degree
  Mechanical engineering technologists and technicians,39.9,40.7,0.8,1.9,"64,020",Associate's degree
  Calibration technologists and technicians[2],13.8,14.5,0.8,5.5,"62,790",Associate's degree
"  Engineering technologists and technicians, except drafters, all other[2]",69.5,72.6,3.1,4.4,"73,500",Associate's degree
  Surveying and mapping technicians,57.4,60.6,3.2,5.6,"48,940",High school diploma or equivalent
  Animal scientists,2.5,2.7,0.2,7.9,"70,140",Bachelor's degree
  Food scientists and technologists,14.5,15.7,1.3,8.9,"82,090",Bachelor's degree
  Soil and plant scientists,20.3,21.7,1.5,7.2,"68,240",Bachelor's degree
  Biochemists and biophysicists,35.7,39.0,3.2,9.0,"107,460",Doctoral or professional degree
  Microbiologists,23.2,24.8,1.6,6.7,"85,470",Bachelor's degree
  Zoologists and wildlife biologists,18.8,19.6,0.8,4.4,"70,600",Bachelor's degree
"  Biological scientists, all other[2]",66.8,70.6,3.8,5.6,"91,100",Bachelor's degree
  Conservation scientists,25.9,27.4,1.4,5.6,"68,750",Bachelor's degree
  Foresters,15.4,15.9,0.5,3.0,"67,330",Bachelor's degree
  Epidemiologists,11.0,13.1,2.1,18.8,"81,390",Master's degree
"  Medical scientists, except epidemiologists",146.6,163.4,16.8,11.5,"100,890",Doctoral or professional degree
"  Life scientists, all other[2]",8.0,8.5,0.5,6.5,"86,950",Bachelor's degree
  Astronomers,2.4,2.6,0.2,7.4,"127,930",Doctoral or professional degree
  Physicists,21.1,22.6,1.5,7.2,"155,680",Doctoral or professional degree
  Atmospheric and space scientists,9.9,10.5,0.6,5.6,"92,860",Bachelor's degree
  Chemists,87.2,93.8,6.6,7.6,"84,680",Bachelor's degree
  Materials scientists,9.2,10.0,0.8,8.7,"106,160",Bachelor's degree
"  Environmental scientists and specialists, including health",84.6,90.7,6.1,7.3,"78,980",Bachelor's degree
"  Geoscientists, except hydrologists and geographers",26.0,27.4,1.4,5.5,"92,580",Bachelor's degree
  Hydrologists,6.5,6.7,0.2,2.8,"88,770",Bachelor's degree
"  Physical scientists, all other[2]",34.1,34.9,0.8,2.3,"112,280",Bachelor's degree
  Economists,17.5,18.4,0.9,5.1,"115,730",Master's degree
  Survey researchers,9.7,9.7,0.0,-0.2,"60,960",Master's degree
  Industrial-organizational psychologists,8.6,9.1,0.5,5.8,"147,420",Master's degree
  Clinical and counseling psychologists,76.8,87.0,10.2,13.3,"96,100",Doctoral or professional degree
  School psychologists,65.5,66.0,0.5,0.7,"84,940",Master's degree
"  Psychologists, all other[2]",56.6,59.4,2.9,5.0,"117,750",Master's degree
  Sociologists,3.3,3.6,0.2,6.9,"101,770",Master's degree
  Urban and regional planners,45.2,47.1,2.0,4.3,"81,800",Master's degree
  Anthropologists and archeologists,8.7,9.3,0.7,7.8,"63,800",Master's degree
  Geographers,1.6,1.7,0.0,2.5,"90,880",Bachelor's degree
  Historians,3.4,3.6,0.2,5.7,"72,890",Master's degree
  Political scientists,6.2,6.3,0.2,2.6,"132,350",Master's degree
"  Social scientists and related workers, all other[2]",39.2,40.6,1.3,3.4,"95,890",Bachelor's degree
  Agricultural technicians,19.6,20.8,1.2,5.9,"43,180",Associate's degree
  Food science technicians,25.1,26.9,1.8,7.3,"49,090",Associate's degree
  Biological technicians,83.1,88.6,5.5,6.6,"51,430",Bachelor's degree
  Chemical technicians,58.3,61.4,3.2,5.5,"56,750",Associate's degree
"  Environmental science and protection technicians, including health",33.9,36.2,2.4,7.0,"50,660",Associate's degree
"  Geological technicians, except hydrologic technicians",9.2,9.5,0.3,3.8,"52,440",Associate's degree
  Hydrologic technicians[2],3.2,3.3,0.1,2.4,"55,890",Associate's degree
  Nuclear technicians,5.4,5.1,-0.3,-6.2,"101,740",Associate's degree
  Social science research assistants,37.5,39.9,2.4,6.3,"56,400",Bachelor's degree
  Forest and conservation technicians,31.3,31.8,0.5,1.7,"51,880",Associate's degree
  Forensic science technicians,18.6,21.2,2.5,13.6,"64,940",Bachelor's degree
"  Life, physical, and social science technicians, all other[2]",83.3,88.2,4.8,5.8,"58,350",Associate's degree
  Occupational health and safety specialists,125.9,144.7,18.8,14.9,"81,140",Bachelor's degree
  Occupational health and safety technicians,27.6,30.8,3.2,11.4,"57,920",High school diploma or equivalent
"  Educational, guidance, and career counselors and advisors",360.8,377.0,16.2,4.5,"61,710",Master's degree
  Marriage and family therapists,76.0,88.2,12.3,16.2,"58,510",Master's degree
  Rehabilitation counselors,87.6,89.2,1.6,1.8,"44,040",Master's degree
"  Substance abuse, behavioral disorder, and mental health counselors",449.8,534.3,84.5,18.8,"53,710",Master's degree
"  Counselors, all other[2]",65.9,75.4,9.5,14.4,"46,130",Master's degree
"  Child, family, and school social workers",365.9,383.8,17.9,4.9,"53,940",Bachelor's degree
  Healthcare social workers,193.2,211.9,18.7,9.7,"62,940",Master's degree
  Mental health and substance abuse social workers,123.7,138.1,14.4,11.6,"55,960",Master's degree
"  Social workers, all other[2]",69.0,72.8,3.8,5.5,"63,770",Bachelor's degree
  Health education specialists,62.1,66.4,4.3,7.0,"62,860",Bachelor's degree
  Probation officers and correctional treatment specialists,90.7,94.0,3.2,3.6,"61,800",Bachelor's degree
  Social and human service assistants,433.0,467.4,34.4,7.9,"41,410",High school diploma or equivalent
  Community health workers,63.4,71.7,8.3,13.1,"48,200",High school diploma or equivalent
"  Community and social service specialists, all other[2]",103.6,109.8,6.1,5.9,"49,690",Bachelor's degree
  Clergy,260.1,266.7,6.5,2.5,"58,920",Bachelor's degree
"  Directors, religious activities and education",155.9,159.4,3.5,2.2,"50,140",Bachelor's degree
"  Religious workers, all other[2]",83.8,85.7,1.9,2.2,"37,960",Bachelor's degree
  Lawyers,859.0,903.3,44.2,5.2,"145,760",Doctoral or professional degree
  Judicial law clerks,15.6,16.1,0.5,3.4,"57,490",Doctoral or professional degree
"  Administrative law judges, adjudicators, and hearing officers",15.8,16.1,0.3,2.1,"111,090",Doctoral or professional degree
"  Arbitrators, mediators, and conciliators",8.2,8.7,0.5,6.1,"71,540",Bachelor's degree
"  Judges, magistrate judges, and magistrates",25.9,26.8,0.9,3.4,"148,910",Doctoral or professional degree
  Paralegals and legal assistants,366.2,370.5,4.3,1.2,"60,970",Associate's degree
"  Title examiners, abstractors, and searchers",56.3,56.9,0.6,1.0,"53,550",High school diploma or equivalent
"  Legal support workers, all other[2]",47.3,47.8,0.5,1.0,"67,700",Associate's degree
"  Business teachers, postsecondary",104.9,111.9,7.0,6.7,"97,130",Doctoral or professional degree
"  Computer science teachers, postsecondary",45.0,47.7,2.7,6.1,"96,430",Doctoral or professional degree
"  Mathematical science teachers, postsecondary",58.5,60.4,1.9,3.3,"81,020",Doctoral or professional degree
"  Architecture teachers, postsecondary",10.7,11.0,0.3,3.2,"105,770",Doctoral or professional degree
"  Engineering teachers, postsecondary",48.8,53.3,4.5,9.2,"106,910",Doctoral or professional degree
"  Agricultural sciences teachers, postsecondary",9.5,9.9,0.5,4.8,"85,260",Doctoral or professional degree
"  Biological science teachers, postsecondary",64.9,70.3,5.4,8.4,"83,920",Doctoral or professional degree
"  Forestry and conservation science teachers, postsecondary",1.6,1.7,0.1,5.0,"101,650",Doctoral or professional degree
"  Atmospheric, earth, marine, and space sciences teachers, postsecondary",14.4,15.0,0.5,3.8,"100,690",Doctoral or professional degree
"  Chemistry teachers, postsecondary",25.4,26.2,0.9,3.4,"85,810",Doctoral or professional degree
"  Environmental science teachers, postsecondary",9.1,9.4,0.4,3.9,"88,410",Doctoral or professional degree
"  Physics teachers, postsecondary",17.7,18.4,0.7,3.7,"98,020",Doctoral or professional degree
"  Anthropology and archeology teachers, postsecondary",6.3,6.5,0.2,3.8,"93,650",Doctoral or professional degree
"  Area, ethnic, and cultural studies teachers, postsecondary",14.7,15.3,0.5,3.6,"86,030",Doctoral or professional degree
"  Economics teachers, postsecondary",15.5,16.0,0.5,3.5,"115,300",Doctoral or professional degree
"  Geography teachers, postsecondary",4.3,4.5,0.2,4.3,"85,600",Doctoral or professional degree
"  Political science teachers, postsecondary",21.7,22.4,0.7,3.3,"93,810",Doctoral or professional degree
"  Psychology teachers, postsecondary",51.1,53.6,2.6,5.0,"82,140",Doctoral or professional degree
"  Sociology teachers, postsecondary",16.1,16.6,0.5,3.4,"82,670",Doctoral or professional degree
"  Social sciences teachers, postsecondary, all other[2]",20.3,20.8,0.6,2.7,"77,750",Doctoral or professional degree
"  Health specialties teachers, postsecondary",284.2,337.5,53.3,18.8,"105,650",Doctoral or professional degree
"  Nursing instructors and teachers, postsecondary",89.9,105.9,16.1,17.9,"80,780",Doctoral or professional degree
"  Education teachers, postsecondary",77.2,79.7,2.5,3.3,"73,240",Doctoral or professional degree
"  Library science teachers, postsecondary",5.3,5.5,0.2,4.2,"80,310",Doctoral or professional degree
"  Criminal justice and law enforcement teachers, postsecondary",16.1,16.6,0.5,2.9,"69,030",Doctoral or professional degree
"  Law teachers, postsecondary",19.0,19.4,0.4,2.2,"127,360",Doctoral or professional degree
"  Social work teachers, postsecondary",15.1,15.7,0.5,3.6,"75,020",Doctoral or professional degree
"  Art, drama, and music teachers, postsecondary",127.4,130.9,3.5,2.7,"80,360",Master's degree
"  Communications teachers, postsecondary",35.0,36.2,1.2,3.3,"79,910",Doctoral or professional degree
"  English language and literature teachers, postsecondary",70.1,70.9,0.8,1.1,"78,130",Doctoral or professional degree
"  Foreign language and literature teachers, postsecondary",26.1,26.4,0.3,1.0,"78,760",Doctoral or professional degree
"  History teachers, postsecondary",25.8,26.0,0.2,0.9,"82,140",Doctoral or professional degree
"  Philosophy and religion teachers, postsecondary",26.4,27.0,0.5,2.0,"79,930",Doctoral or professional degree
"  Family and consumer sciences teachers, postsecondary",3.3,3.5,0.1,4.3,"78,410",Doctoral or professional degree
"  Recreation and fitness studies teachers, postsecondary",16.2,16.7,0.6,3.4,"75,770",Doctoral or professional degree
"  Career/technical education teachers, postsecondary",121.8,121.9,0.1,0.1,"62,060",Bachelor's degree
"  Postsecondary teachers, all other[2]",202.5,209.0,6.5,3.2,"79,870",Doctoral or professional degree
"  Preschool teachers, except special education",528.5,551.8,23.3,4.4,"37,130",Associate's degree
"  Kindergarten teachers, except special education",122.7,121.8,-0.8,-0.7,"62,690",Bachelor's degree
"  Elementary school teachers, except special education","1,441.0","1,430.4",-10.7,-0.7,"63,680",Bachelor's degree
"  Middle school teachers, except special and career/technical education",640.0,635.3,-4.7,-0.7,"64,290",Bachelor's degree
"  Career/technical education teachers, middle school",12.2,12.1,-0.1,-0.9,"63,860",Bachelor's degree
"  Secondary school teachers, except special and career/technical education","1,071.4","1,064.5",-6.9,-0.6,"65,220",Bachelor's degree
"  Career/technical education teachers, secondary school",89.6,88.9,-0.7,-0.8,"65,130",Bachelor's degree
"  Special education teachers, preschool",25.7,26.1,0.4,1.6,"65,270",Bachelor's degree
"  Special education teachers, kindergarten and elementary school[2]",212.7,211.2,-1.6,-0.7,"64,910",Bachelor's degree
"  Special education teachers, middle school",88.6,87.8,-0.8,-0.9,"66,600",Bachelor's degree
"  Special education teachers, secondary school",159.5,158.6,-0.9,-0.6,"66,620",Bachelor's degree
"  Special education teachers, all other[2]",45.1,46.0,1.0,2.1,"67,190",Bachelor's degree
"  Adult basic education, adult secondary education, and english as a second language instructors",41.7,36.4,-5.3,-12.7,"60,560",Bachelor's degree
  Self-enrichment teachers,370.1,382.8,12.7,3.4,"45,330",High school diploma or equivalent
"  Substitute teachers, short-term[2]",473.3,489.2,15.9,3.4,"37,380",Bachelor's degree
  Tutors,195.1,196.4,1.3,0.7,"39,580","Some college, no degree"
"  Teachers and instructors, all other[2]",143.5,145.5,1.9,1.4,"64,390",Bachelor's degree
  Archivists,8.8,9.5,0.7,8.0,"59,910",Master's degree
  Curators,14.2,16.0,1.7,12.2,"61,750",Master's degree
  Museum technicians and conservators,14.4,16.0,1.6,10.7,"48,670",Bachelor's degree
  Librarians and media collections specialists,142.2,146.4,4.2,2.9,"64,370",Master's degree
  Library technicians,81.5,77.0,-4.6,-5.6,"39,310",Postsecondary nondegree award
  Farm and home management educators,9.8,9.7,-0.2,-1.7,"59,770",Master's degree
  Instructional coordinators,225.2,229.3,4.1,1.8,"74,620",Master's degree
"  Teaching assistants, postsecondary",184.6,192.1,7.4,4.0,"43,750",Bachelor's degree
"  Teaching assistants, except postsecondary[2]","1,389.2","1,381.0",-8.2,-0.6,"35,550","Some college, no degree"
"  Educational instruction and library workers, all other[2]",127.2,129.7,2.5,2.0,"49,800",Bachelor's degree
  Art directors,126.6,133.2,6.6,5.2,"106,500",Bachelor's degree
  Craft artists,14.3,14.6,0.3,2.2,"36,600",No formal educational credential
"  Fine artists, including painters, sculptors, and illustrators",26.3,27.4,1.1,4.0,"59,300",Bachelor's degree
  Special effects artists and animators,73.3,76.4,3.2,4.3,"99,060",Bachelor's degree
"  Artists and related workers, all other[2]",13.4,13.8,0.4,3.3,"74,750",No formal educational credential
  Commercial and industrial designers,34.0,35.1,1.1,3.1,"76,250",Bachelor's degree
  Fashion designers,21.9,22.9,1.0,4.7,"79,290",Bachelor's degree
  Floral designers,53.7,48.1,-5.6,-10.4,"34,690",High school diploma or equivalent
  Graphic designers,267.2,273.8,6.6,2.5,"58,910",Bachelor's degree
  Interior designers,92.2,95.9,3.7,4.0,"62,510",Bachelor's degree
  Merchandise displayers and window trimmers,176.4,184.7,8.4,4.8,"36,230",High school diploma or equivalent
  Set and exhibit designers,29.6,31.1,1.5,5.1,"59,490",Bachelor's degree
"  Designers, all other[2]",30.4,31.3,0.9,3.0,"67,500",Bachelor's degree
  Actors,76.0,79.5,3.5,4.5,—,"Some college, no degree"
  Producers and directors,167.9,181.5,13.5,8.0,"82,510",Bachelor's degree
  Athletes and sports competitors,25.1,27.8,2.8,11.1,"70,280",No formal educational credential
  Coaches and scouts,307.1,334.0,26.9,8.8,"45,910",Bachelor's degree
"  Umpires, referees, and other sports officials",23.1,25.5,2.4,10.4,"35,820",High school diploma or equivalent
  Dancers,15.2,16.2,1.0,6.7,—,No formal educational credential
  Choreographers,5.4,5.7,0.3,5.3,"52,000",High school diploma or equivalent
  Music directors and composers,50.3,51.6,1.4,2.7,"62,590",Bachelor's degree
  Musicians and singers,169.3,172.8,3.5,2.1,—,No formal educational credential
"  Disc jockeys, except radio[2]",21.0,22.1,1.1,5.1,—,High school diploma or equivalent
"  Entertainers and performers, sports and related workers, all other[2]",35.7,38.3,2.6,7.3,—,No formal educational credential
  Broadcast announcers and radio disc jockeys,26.5,25.4,-1.1,-4.0,"44,890",Bachelor's degree
"  News analysts, reporters, and journalists",49.8,48.4,-1.4,-2.7,"57,500",Bachelor's degree
  Public relations specialists,308.0,327.2,19.2,6.2,"66,750",Bachelor's degree
  Editors,114.2,111.9,-2.3,-2.0,"75,020",Bachelor's degree
  Technical writers,50.1,52.1,2.0,4.0,"80,050",Bachelor's degree
  Writers and authors,150.7,158.4,7.7,5.1,"73,690",Bachelor's degree
  Interpreters and translators,78.3,80.1,1.8,2.3,"57,090",Bachelor's degree
  Court reporters and simultaneous captioners,17.5,17.9,0.3,1.8,"63,940",Postsecondary nondegree award
"  Media and communication workers, all other[2]",27.0,29.1,2.2,8.0,"61,900",High school diploma or equivalent
  Audio and video technicians,87.3,91.9,4.6,5.3,"51,640",Postsecondary nondegree award
  Broadcast technicians,30.0,30.0,0.0,0.1,"57,690",Associate's degree
  Sound engineering technicians,18.0,17.9,-0.1,-0.5,"59,430",Postsecondary nondegree award
  Lighting technicians[2],10.8,10.5,-0.3,-3.0,"62,240",Postsecondary nondegree award
  Photographers,151.1,156.9,5.8,3.9,"40,760",High school diploma or equivalent
"  Camera operators, television, video, and film",38.2,38.9,0.7,1.9,"61,800",Bachelor's degree
  Film and video editors,47.2,49.4,2.2,4.7,"66,600",Bachelor's degree
"  Media and communication equipment workers, all other[2]",13.3,13.7,0.5,3.4,"71,340",High school diploma or equivalent
  Chiropractors,61.2,67.3,6.1,9.9,"76,530",Doctoral or professional degree
"  Dentists, general",141.0,147.7,6.7,4.8,"166,300",Doctoral or professional degree
  Oral and maxillofacial surgeons,4.8,5.0,0.2,3.3,">=239,200",Doctoral or professional degree
  Orthodontists,7.4,7.7,0.3,3.7,">=239,200",Doctoral or professional degree
  Prosthodontists,0.7,0.7,0.0,3.5,"234,000",Doctoral or professional degree
"  Dentists, all other specialists[2]",6.7,6.9,0.2,2.3,"227,690",Doctoral or professional degree
  Dietitians and nutritionists,81.3,87.3,6.0,7.4,"69,680",Bachelor's degree
  Optometrists,49.3,53.6,4.3,8.7,"131,860",Doctoral or professional degree
  Pharmacists,337.7,355.9,18.3,5.4,"136,030",Doctoral or professional degree
  Physician assistants,153.4,197.1,43.7,28.5,"130,020",Master's degree
  Podiatrists,9.7,9.8,0.1,1.4,"141,650",Doctoral or professional degree
  Occupational therapists,150.5,167.3,16.8,11.1,"96,370",Master's degree
  Physical therapists,259.2,296.0,36.8,14.2,"99,710",Doctoral or professional degree
  Radiation therapists,17.2,17.7,0.5,3.1,"98,300",Associate's degree
  Recreational therapists,16.6,17.3,0.7,4.3,"57,120",Bachelor's degree
  Respiratory therapists,133.9,151.4,17.5,13.1,"77,960",Associate's degree
  Speech-language pathologists,180.8,214.1,33.3,18.4,"89,290",Master's degree
  Exercise physiologists,21.5,23.7,2.2,10.4,"54,860",Bachelor's degree
"  Therapists, all other[2]",43.2,48.3,5.1,11.8,"63,650",Bachelor's degree
  Veterinarians,88.2,105.0,16.8,19.1,"119,100",Doctoral or professional degree
  Registered nurses,"3,300.1","3,497.3",197.2,6.0,"86,070",Bachelor's degree
  Nurse anesthetists,49.9,55.1,5.2,10.4,"212,650",Master's degree
  Nurse midwives,7.2,7.7,0.5,7.1,"129,650",Master's degree
  Nurse practitioners,292.5,427.9,135.5,46.3,"126,260",Master's degree
  Audiologists,14.4,16.0,1.6,10.9,"87,740",Doctoral or professional degree
  Anesthesiologists,36.1,37.6,1.5,4.0,">=239,200",Doctoral or professional degree
  Cardiologists[2],16.4,17.2,0.8,5.0,">=239,200",Doctoral or professional degree
  Dermatologists,13.0,13.9,0.9,7.1,">=239,200",Doctoral or professional degree
  Emergency medicine physicians[2],37.6,39.0,1.3,3.5,">=239,200",Doctoral or professional degree
  Family medicine physicians,120.3,126.1,5.7,4.8,"224,640",Doctoral or professional degree
  General internal medicine physicians,73.8,76.3,2.5,3.4,"223,310",Doctoral or professional degree
  Neurologists,10.1,10.8,0.7,6.8,">=239,200",Doctoral or professional degree
  Obstetricians and gynecologists,21.3,22.0,0.7,3.3,">=239,200",Doctoral or professional degree
"  Pediatricians, general",37.7,38.5,0.8,2.1,"198,690",Doctoral or professional degree
"  Physicians, pathologists",11.8,12.5,0.6,5.5,">=239,200",Doctoral or professional degree
  Psychiatrists,27.0,29.1,2.1,7.6,">=239,200",Doctoral or professional degree
  Radiologists,34.3,35.6,1.2,3.6,">=239,200",Doctoral or professional degree
"  Physicians, all other[2]",337.0,350.1,13.1,3.9,"236,000",Doctoral or professional degree
"  Ophthalmologists, except pediatric",12.4,12.9,0.6,4.5,">=239,200",Doctoral or professional degree
"  Orthopedic surgeons, except pediatric[2]",16.0,16.6,0.7,4.2,">=239,200",Doctoral or professional degree
  Pediatric surgeons[2],1.3,1.3,0.0,2.0,">=239,200",Doctoral or professional degree
"  Surgeons, all other[2]",28.4,29.6,1.2,4.3,">=239,200",Doctoral or professional degree
  Acupuncturists,22.1,23.3,1.2,5.5,"78,220",Master's degree
  Dental hygienists,214.1,233.7,19.6,9.2,"87,530",Associate's degree
"  Healthcare diagnosing or treating practitioners, all other[2]",40.4,41.5,1.0,2.6,"107,990",Master's degree
  Clinical laboratory technologists and technicians,344.2,362.5,18.2,5.3,"60,780",Bachelor's degree
  Cardiovascular technologists and technicians,58.4,60.9,2.4,4.2,"66,170",Associate's degree
  Diagnostic medical sonographers,84.9,97.7,12.8,15.1,"84,470",Associate's degree
  Nuclear medicine technologists,17.8,17.6,-0.2,-1.3,"92,500",Associate's degree
  Radiologic technologists and technicians,227.8,241.0,13.1,5.8,"73,410",Associate's degree
  Magnetic resonance imaging technologists,43.4,47.0,3.6,8.4,"83,740",Associate's degree
  Medical dosimetrists[2],4.2,4.5,0.2,5.4,"132,880",Bachelor's degree
  Emergency medical technicians[2],169.7,180.0,10.3,6.1,"38,930",Postsecondary nondegree award
  Paramedics[2],100.6,106.5,5.9,5.9,"53,180",Postsecondary nondegree award
  Dietetic technicians,25.0,26.1,1.1,4.3,"36,520",Associate's degree
  Pharmacy technicians,463.9,497.2,33.3,7.2,"40,300",High school diploma or equivalent
  Psychiatric technicians,124.6,145.8,21.3,17.1,"39,700",Postsecondary nondegree award
  Surgical technologists,112.8,119.3,6.5,5.8,"60,610",Postsecondary nondegree award
  Veterinary technologists and technicians,125.7,150.0,24.3,19.3,"43,740",Associate's degree
  Ophthalmic medical technicians,74.8,85.3,10.5,14.1,"41,780",Postsecondary nondegree award
  Licensed practical and licensed vocational nurses,657.8,674.7,16.9,2.6,"59,730",Postsecondary nondegree award
  Medical records specialists[2],191.5,208.2,16.7,8.7,"48,780",Postsecondary nondegree award
"  Opticians, dispensing",77.3,79.5,2.3,2.9,"44,170",High school diploma or equivalent
  Orthotists and prosthetists,9.1,10.4,1.4,15.1,"78,100",Master's degree
  Hearing aid specialists,10.5,12.0,1.6,14.9,"58,670",High school diploma or equivalent
"  Health technologists and technicians, all other[2]",177.9,190.4,12.5,7.0,"47,470",Postsecondary nondegree award
  Health information technologists and medical registrars[2],39.1,45.5,6.4,16.3,"62,990",Associate's degree
  Athletic trainers,34.3,38.7,4.3,12.7,"57,930",Master's degree
  Genetic counselors,3.5,4.1,0.6,16.1,"95,770",Master's degree
  Surgical assistants,21.3,22.7,1.4,6.7,"59,160",Postsecondary nondegree award
"  Healthcare practitioners and technical workers, all other[2]",41.9,44.3,2.4,5.8,"63,630",Postsecondary nondegree award
  Home health and personal care aides,"3,961.9","4,782.4",820.5,20.7,"33,530",High school diploma or equivalent
  Nursing assistants,"1,419.4","1,481.8",62.4,4.4,"38,200",Postsecondary nondegree award
  Orderlies,50.0,52.2,2.3,4.5,"36,830",High school diploma or equivalent
  Psychiatric aides,36.0,36.3,0.3,0.8,"39,160",High school diploma or equivalent
  Occupational therapy assistants,47.5,58.1,10.6,22.3,"67,010",Associate's degree
  Occupational therapy aides,4.6,4.8,0.2,3.7,"36,970",High school diploma or equivalent
  Physical therapist assistants,108.5,136.0,27.5,25.4,"64,080",Associate's degree
  Physical therapist aides,44.3,45.6,1.3,2.9,"33,520",High school diploma or equivalent
  Massage therapists,147.1,173.2,26.0,17.7,"55,310",Postsecondary nondegree award
  Dental assistants,376.5,408.0,31.5,8.4,"46,540",Postsecondary nondegree award
  Medical assistants,783.9,901.9,118.0,15.0,"42,000",Postsecondary nondegree award
  Medical equipment preparers,70.7,74.7,4.0,5.7,"45,280",High school diploma or equivalent
  Medical transcriptionists,54.5,51.9,-2.6,-4.7,"37,060",Postsecondary nondegree award
  Pharmacy aides,44.0,44.4,0.4,0.9,"36,200",High school diploma or equivalent
  Veterinary assistants and laboratory animal caretakers,118.2,141.1,22.9,19.4,"36,440",High school diploma or equivalent
  Phlebotomists,141.2,152.2,11.0,7.8,"41,810",Postsecondary nondegree award
"  Healthcare support workers, all other[2]",108.5,114.6,6.1,5.6,"44,490",High school diploma or equivalent
  First-line supervisors of correctional officers,55.5,54.6,-0.9,-1.6,"70,530",High school diploma or equivalent
  First-line supervisors of police and detectives,144.5,150.0,5.5,3.8,"101,750",High school diploma or equivalent
  First-line supervisors of firefighting and prevention workers,87.0,90.7,3.6,4.2,"86,220",Postsecondary nondegree award
  First-line supervisors of security workers[2],67.8,70.3,2.5,3.7,"54,580",High school diploma or equivalent
"  First-line supervisors of protective service workers, all other[2]",20.7,21.6,0.8,4.0,"65,050",High school diploma or equivalent
  Firefighters,326.8,340.5,13.7,4.2,"57,120",Postsecondary nondegree award
  Fire inspectors and investigators,14.9,15.5,0.7,4.5,"74,160",Postsecondary nondegree award
  Forest fire inspectors and prevention specialists,2.4,2.8,0.4,16.3,"54,080",High school diploma or equivalent
  Bailiffs,16.7,16.5,-0.2,-1.4,"53,040",High school diploma or equivalent
  Correctional officers and jailers,370.9,346.0,-24.8,-6.7,"53,300",High school diploma or equivalent
  Detectives and criminal investigators,113.4,116.0,2.6,2.3,"91,100",High school diploma or equivalent
  Fish and game wardens,6.8,6.5,-0.3,-5.0,"60,380",Bachelor's degree
  Parking enforcement workers,7.9,7.9,0.0,-0.4,"46,840",High school diploma or equivalent
  Police and sheriff's patrol officers,674.2,700.6,26.4,3.9,"72,280",High school diploma or equivalent
  Transit and railroad police,2.4,2.5,0.1,3.5,"72,250",High school diploma or equivalent
  Animal control workers,12.0,12.6,0.6,4.9,"43,170",High school diploma or equivalent
  Private detectives and investigators,38.8,40.7,1.9,5.0,"49,540",High school diploma or equivalent
  Gambling surveillance officers and gambling investigators,11.0,11.3,0.3,2.6,"39,210",High school diploma or equivalent
  Security guards,"1,229.6","1,256.3",26.6,2.2,"37,070",High school diploma or equivalent
  Crossing guards and flaggers,93.0,97.2,4.2,4.5,"36,370",No formal educational credential
"  Lifeguards, ski patrol, and other recreational protective service workers",129.1,137.9,8.8,6.8,"30,380",No formal educational credential
  Transportation security screeners,51.7,52.2,0.5,0.9,"50,020",High school diploma or equivalent
  School bus monitors[2],70.1,68.4,-1.7,-2.4,"33,130",High school diploma or equivalent
"  Protective service workers, all other[2]",83.5,86.3,2.8,3.3,"39,360",High school diploma or equivalent
  Chefs and head cooks,187.1,202.6,15.5,8.3,"58,920",High school diploma or equivalent
  First-line supervisors of food preparation and serving workers,"1,211.4","1,288.2",76.8,6.3,"38,520",High school diploma or equivalent
"  Cooks, fast food",682.2,588.5,-93.7,-13.7,"29,260",No formal educational credential
"  Cooks, institution and cafeteria",456.3,471.1,14.9,3.3,"35,320",No formal educational credential
"  Cooks, private household",37.8,35.4,-2.4,-6.3,"42,590",Postsecondary nondegree award
"  Cooks, restaurant","1,434.2","1,678.6",244.5,17.0,"35,780",No formal educational credential
"  Cooks, short order",128.8,123.5,-5.3,-4.1,"34,130",No formal educational credential
"  Cooks, all other[2]",20.0,21.1,1.0,5.2,"35,920",No formal educational credential
  Food preparation workers,904.8,870.8,-34.0,-3.8,"32,420",No formal educational credential
  Bartenders,734.3,798.9,64.5,8.8,"31,510",No formal educational credential
  Fast food and counter workers,"3,734.1","3,946.5",212.5,5.7,"29,540",No formal educational credential
  Waiters and waitresses,"2,277.9","2,300.8",22.9,1.0,"31,940",No formal educational credential
"  Food servers, nonrestaurant",278.6,292.2,13.7,4.9,"33,110",No formal educational credential
  Dining room and cafeteria attendants and bartender helpers,493.8,534.7,40.9,8.3,"31,180",No formal educational credential
  Dishwashers,475.0,481.9,6.9,1.4,"31,200",No formal educational credential
"  Hosts and hostesses, restaurant, lounge, and coffee shop",435.6,437.0,1.4,0.3,"29,220",No formal educational credential
"  Food preparation and serving related workers, all other[2]",88.6,95.3,6.8,7.6,"33,870",No formal educational credential
  First-line supervisors of housekeeping and janitorial workers,241.6,251.4,9.8,4.0,"46,650",High school diploma or equivalent
"  First-line supervisors of landscaping, lawn service, and groundskeeping workers",222.4,230.2,7.8,3.5,"55,740",High school diploma or equivalent
"  Janitors and cleaners, except maids and housekeeping cleaners","2,431.6","2,507.3",75.8,3.1,"35,020",No formal educational credential
  Maids and housekeeping cleaners,"1,335.5","1,346.2",10.8,0.8,"33,450",No formal educational credential
"  Building cleaning workers, all other[2]",15.2,15.8,0.6,4.3,"39,900",No formal educational credential
  Pest control workers,98.2,105.1,6.9,7.0,"43,470",High school diploma or equivalent
  Landscaping and groundskeeping workers,"1,188.2","1,248.3",60.1,5.1,"37,360",No formal educational credential
"  Pesticide handlers, sprayers, and applicators, vegetation",26.7,28.0,1.4,5.1,"44,070",High school diploma or equivalent
  Tree trimmers and pruners,67.1,70.4,3.2,4.8,"49,070",High school diploma or equivalent
"  Grounds maintenance workers, all other[2]",14.1,14.6,0.5,3.8,"43,310",No formal educational credential
  First-line supervisors of gambling services workers,33.2,34.9,1.7,5.2,"61,210",High school diploma or equivalent
"  First-line supervisors of entertainment and recreation workers, except gambling services[2]",123.3,134.6,11.2,9.1,"46,060",High school diploma or equivalent
  First-line supervisors of personal service workers,155.9,171.7,15.8,10.1,"46,690",High school diploma or equivalent
  Animal trainers,57.9,61.6,3.7,6.4,"38,810",High school diploma or equivalent
  Animal caretakers,364.6,425.2,60.6,16.6,"31,200",High school diploma or equivalent
  Gambling dealers,86.8,89.6,2.8,3.2,"32,240",High school diploma or equivalent
  Gambling and sports book writers and runners,9.6,9.4,-0.2,-2.4,"29,170",High school diploma or equivalent
"  Gambling service workers, all other[2]",14.5,14.9,0.4,2.9,"32,710",High school diploma or equivalent
  Motion picture projectionists,2.6,2.5,-0.1,-5.0,"35,160",No formal educational credential
"  Ushers, lobby attendants, and ticket takers",119.7,122.7,3.1,2.6,"29,780",No formal educational credential
  Amusement and recreation attendants,381.5,398.6,17.1,4.5,"29,390",No formal educational credential
  Costume attendants,6.5,7.0,0.5,7.1,"52,370",High school diploma or equivalent
"  Locker room, coatroom, and dressing room attendants",15.5,16.7,1.2,8.0,"33,450",High school diploma or equivalent
"  Entertainment attendants and related workers, all other[2]",7.9,8.3,0.4,5.2,"33,280",High school diploma or equivalent
  Embalmers,3.4,3.5,0.0,1.2,"54,090",Associate's degree
  Crematory operators[2],3.2,3.4,0.2,4.7,"41,670",High school diploma or equivalent
  Funeral attendants,32.9,33.9,1.1,3.2,"33,850",High school diploma or equivalent
"  Morticians, undertakers, and funeral arrangers",25.3,26.1,0.9,3.5,"51,030",Associate's degree
  Barbers,78.4,83.3,5.0,6.4,"36,150",Postsecondary nondegree award
"  Hairdressers, hairstylists, and cosmetologists",571.1,611.4,40.3,7.1,"34,970",Postsecondary nondegree award
"  Makeup artists, theatrical and performance",7.4,8.1,0.7,9.4,"47,390",Postsecondary nondegree award
  Manicurists and pedicurists,212.7,237.8,25.1,11.8,"34,250",Postsecondary nondegree award
  Shampooers,13.3,14.5,1.3,9.5,"29,530",No formal educational credential
  Skincare specialists,81.8,90.2,8.4,10.3,"43,200",Postsecondary nondegree award
  Baggage porters and bellhops,29.5,29.6,0.1,0.5,"34,840",High school diploma or equivalent
  Concierges,41.8,44.0,2.3,5.4,"37,150",High school diploma or equivalent
  Tour and travel guides,56.3,61.7,5.3,9.5,"36,060",High school diploma or equivalent
  Childcare workers,970.8,957.8,-13.0,-1.3,"30,370",High school diploma or equivalent
  Exercise trainers and group fitness instructors,350.1,397.7,47.5,13.6,"46,480",High school diploma or equivalent
  Recreation workers,300.0,316.5,16.5,5.5,"34,410",High school diploma or equivalent
  Residential advisors,95.7,100.7,5.0,5.2,"37,950",High school diploma or equivalent
"  Personal care and service workers, all other[2]",93.1,104.4,11.3,12.1,"36,980",High school diploma or equivalent
  First-line supervisors of retail sales workers,"1,407.4","1,316.9",-90.5,-6.4,"46,730",High school diploma or equivalent
  First-line supervisors of non-retail sales workers,347.8,351.9,4.1,1.2,"84,570",High school diploma or equivalent
  Cashiers,"3,338.8","2,985.7",-353.1,-10.6,"29,720",No formal educational credential
  Gambling change persons and booth cashiers,21.4,20.5,-0.9,-4.3,"33,230",No formal educational credential
  Counter and rental clerks,403.7,420.8,17.1,4.2,"37,400",No formal educational credential
  Parts salespersons,267.9,271.2,3.3,1.2,"36,860",No formal educational credential
  Retail salespersons,"3,810.1","3,814.7",4.5,0.1,"33,680",No formal educational credential
  Advertising sales agents,111.6,104.2,-7.4,-6.6,"61,270",High school diploma or equivalent
  Insurance sales agents,547.6,581.0,33.4,6.1,"59,080",High school diploma or equivalent
"  Securities, commodities, and financial services sales agents",513.8,547.9,34.1,6.6,"76,900",Bachelor's degree
  Travel agents,68.8,71.2,2.3,3.4,"47,410",High school diploma or equivalent
"  Sales representatives of services, except advertising, insurance, financial services, and travel[2]","1,170.3","1,214.5",44.2,3.8,"64,600",High school diploma or equivalent
"  Sales representatives, wholesale and manufacturing, technical and scientific products",325.3,335.3,10.0,3.1,"99,710",Bachelor's degree
"  Sales representatives, wholesale and manufacturing, except technical and scientific products","1,356.1","1,366.1",10.0,0.7,"65,630",High school diploma or equivalent
  Demonstrators and product promoters,56.5,59.2,2.8,4.9,"36,970",No formal educational credential
  Models,3.6,3.6,0.0,-0.4,"47,430",No formal educational credential
  Real estate brokers,113.6,115.8,2.2,2.0,"63,060",High school diploma or equivalent
  Real estate sales agents,430.7,438.7,7.9,1.8,"54,300",High school diploma or equivalent
  Sales engineers,59.7,63.4,3.7,6.3,"116,950",Bachelor's degree
  Telemarketers,85.2,66.8,-18.3,-21.5,"34,480",No formal educational credential
"  Door-to-door sales workers, news and street vendors, and related workers",32.4,27.7,-4.8,-14.6,"34,910",No formal educational credential
"  Sales and related workers, all other[2]",137.2,142.6,5.3,3.9,"44,610",High school diploma or equivalent
  First-line supervisors of office and administrative support workers,"1,570.5","1,501.4",-69.1,-4.4,"63,450",High school diploma or equivalent
"  Switchboard operators, including answering service",44.9,33.6,-11.3,-25.2,"36,750",High school diploma or equivalent
  Telephone operators,4.7,3.5,-1.2,-26.4,"38,080",High school diploma or equivalent
"  Communications equipment operators, all other[2]",1.4,1.5,0.1,5.1,"49,310",High school diploma or equivalent
  Bill and account collectors,196.5,177.8,-18.6,-9.5,"44,250",High school diploma or equivalent
  Billing and posting clerks,449.0,451.3,2.3,0.5,"45,590",High school diploma or equivalent
"  Bookkeeping, accounting, and auditing clerks","1,663.8","1,579.9",-83.9,-5.0,"47,440","Some college, no degree"
  Gambling cage workers,13.1,12.7,-0.5,-3.7,"36,110",High school diploma or equivalent
  Payroll and timekeeping clerks,160.3,136.2,-24.2,-15.1,"52,240",High school diploma or equivalent
  Procurement clerks,63.3,59.1,-4.2,-6.7,"46,670",High school diploma or equivalent
  Tellers,350.3,298.8,-51.4,-14.7,"37,640",High school diploma or equivalent
"  Financial clerks, all other[2]",46.2,47.3,1.1,2.3,"49,940",High school diploma or equivalent
  Brokerage clerks,49.7,48.2,-1.4,-2.8,"60,150",High school diploma or equivalent
  Correspondence clerks,5.5,5.1,-0.4,-6.7,"42,120",High school diploma or equivalent
"  Court, municipal, and license clerks",165.1,171.4,6.3,3.8,"46,110",High school diploma or equivalent
"  Credit authorizers, checkers, and clerks",14.5,13.7,-0.8,-5.2,"48,000",High school diploma or equivalent
  Customer service representatives,"2,954.6","2,805.8",-148.8,-5.0,"39,680",High school diploma or equivalent
"  Eligibility interviewers, government programs",160.0,164.9,5.0,3.1,"50,270",High school diploma or equivalent
  File clerks,87.2,73.9,-13.3,-15.3,"38,130",High school diploma or equivalent
"  Hotel, motel, and resort desk clerks",271.3,290.2,18.9,7.0,"30,790",High school diploma or equivalent
"  Interviewers, except eligibility and loan",169.1,152.5,-16.7,-9.9,"40,300",High school diploma or equivalent
"  Library assistants, clerical",87.7,82.7,-5.0,-5.7,"34,020",High school diploma or equivalent
  Loan interviewers and clerks,206.1,201.2,-4.9,-2.4,"47,380",High school diploma or equivalent
  New accounts clerks,42.2,36.0,-6.2,-14.6,"44,630",High school diploma or equivalent
  Order clerks,106.3,87.3,-19.0,-17.9,"41,600","Some college, no degree"
"  Human resources assistants, except payroll and timekeeping",104.2,99.2,-5.0,-4.8,"47,710",Associate's degree
  Receptionists and information clerks,"1,054.5","1,048.8",-5.7,-0.5,"35,840",High school diploma or equivalent
  Reservation and transportation ticket agents and travel clerks,123.8,128.5,4.7,3.8,"40,610",High school diploma or equivalent
"  Information and record clerks, all other[2]",162.8,167.4,4.7,2.9,"46,210",High school diploma or equivalent
  Cargo and freight agents,106.7,117.0,10.3,9.7,"48,330",High school diploma or equivalent
  Couriers and messengers,225.5,244.3,18.8,8.3,"36,710",High school diploma or equivalent
  Public safety telecommunicators,102.7,106.8,4.1,4.0,"48,890",High school diploma or equivalent
"  Dispatchers, except police, fire, and ambulance",215.4,215.7,0.4,0.2,"46,860",High school diploma or equivalent
"  Meter readers, utilities",20.4,18.1,-2.3,-11.4,"47,720",High school diploma or equivalent
  Postal service clerks,74.6,72.4,-2.2,-3.0,"59,570",No formal educational credential
  Postal service mail carriers,316.7,307.1,-9.5,-3.0,"56,330",No formal educational credential
"  Postal service mail sorters, processors, and processing machine operators",111.3,102.5,-8.7,-7.9,"53,440",No formal educational credential
"  Production, planning, and expediting clerks",399.2,418.7,19.5,4.9,"53,900",High school diploma or equivalent
"  Shipping, receiving, and inventory clerks",848.7,784.2,-64.4,-7.6,"39,780",High school diploma or equivalent
"  Weighers, measurers, checkers, and samplers, recordkeeping",51.8,50.1,-1.7,-3.3,"43,270",High school diploma or equivalent
  Executive secretaries and executive administrative assistants,516.1,517.2,1.2,0.2,"70,310",High school diploma or equivalent
  Legal secretaries and administrative assistants,154.2,146.3,-7.9,-5.1,"50,680",High school diploma or equivalent
  Medical secretaries and administrative assistants,768.9,810.1,41.3,5.4,"40,640",High school diploma or equivalent
"  Secretaries and administrative assistants, except legal, medical, and executive","1,982.3","1,976.2",-6.1,-0.3,"44,280",High school diploma or equivalent
  Data entry keyers,163.9,122.8,-41.0,-25.0,"37,790",High school diploma or equivalent
  Word processors and typists,39.9,24.8,-15.2,-38.0,"46,450",High school diploma or equivalent
  Desktop publishers,6.4,5.6,-0.9,-13.4,"51,290",Associate's degree
  Insurance claims and policy processing clerks,271.8,261.3,-10.5,-3.9,"46,900",High school diploma or equivalent
"  Mail clerks and mail machine operators, except postal service",70.6,66.2,-4.4,-6.2,"36,880",High school diploma or equivalent
"  Office clerks, general","2,645.8","2,498.2",-147.5,-5.6,"40,480",High school diploma or equivalent
"  Office machine operators, except computer",29.2,24.8,-4.4,-15.1,"37,450",High school diploma or equivalent
  Proofreaders and copy markers,6.7,6.5,-0.2,-3.4,"48,790",Bachelor's degree
  Statistical assistants,7.9,7.9,0.0,0.2,"50,510",Bachelor's degree
"  Office and administrative support workers, all other[2]",206.8,190.8,-16.0,-7.7,"43,230",High school diploma or equivalent
"  First-line supervisors of farming, fishing, and forestry workers",68.9,71.0,2.1,3.1,"57,320",High school diploma or equivalent
  Agricultural inspectors,13.3,13.9,0.5,3.9,"48,010",Bachelor's degree
  Animal breeders,6.7,6.9,0.2,2.4,"47,540",High school diploma or equivalent
"  Graders and sorters, agricultural products",32.2,30.6,-1.5,-4.7,"34,360",No formal educational credential
  Agricultural equipment operators,62.7,68.0,5.3,8.4,"39,690",No formal educational credential
"  Farmworkers and laborers, crop, nursery, and greenhouse",497.3,485.4,-11.9,-2.4,"34,470",No formal educational credential
"  Farmworkers, farm, ranch, and aquacultural animals",204.7,194.1,-10.6,-5.2,"35,120",No formal educational credential
"  Agricultural workers, all other[2]",11.0,11.3,0.3,2.5,"40,620",No formal educational credential
  Fishing and hunting workers,25.5,25.3,-0.2,-0.7,—,No formal educational credential
  Forest and conservation workers,10.9,10.5,-0.4,-3.8,"33,940",High school diploma or equivalent
  Fallers,6.9,6.3,-0.6,-8.4,"53,170",High school diploma or equivalent
  Logging equipment operators,34.1,32.8,-1.3,-3.8,"48,240",High school diploma or equivalent
  Log graders and scalers,5.2,5.1,-0.1,-1.5,"45,600",High school diploma or equivalent
"  Logging workers, all other[2]",3.7,3.4,-0.3,-7.4,"52,480",High school diploma or equivalent
  First-line supervisors of construction trades and extraction workers,853.2,903.4,50.3,5.9,"76,760",High school diploma or equivalent
  Boilermakers,11.3,11.2,-0.1,-1.2,"71,140",High school diploma or equivalent
  Brickmasons and blockmasons,72.6,75.0,2.4,3.3,"59,640",High school diploma or equivalent
  Stonemasons,12.4,12.0,-0.4,-3.6,"51,830",High school diploma or equivalent
  Carpenters,923.1,961.6,38.6,4.2,"56,350",High school diploma or equivalent
  Carpet installers,20.3,18.5,-1.8,-8.9,"47,520",No formal educational credential
"  Floor layers, except carpet, wood, and hard tiles",32.8,36.1,3.3,10.1,"48,840",No formal educational credential
  Floor sanders and finishers,6.6,6.8,0.2,2.5,"47,760",No formal educational credential
  Tile and stone setters,55.6,61.4,5.8,10.4,"48,910",No formal educational credential
  Cement masons and concrete finishers,211.8,210.3,-1.5,-0.7,"50,720",No formal educational credential
  Terrazzo workers and finishers,1.5,1.4,-0.1,-8.4,"48,900",High school diploma or equivalent
  Construction laborers,"1,401.2","1,516.6",115.4,8.2,"45,300",No formal educational credential
"  Paving, surfacing, and tamping equipment operators",44.5,46.3,1.7,3.9,"48,980",High school diploma or equivalent
  Pile driver operators,3.1,3.3,0.1,4.6,"63,550",High school diploma or equivalent
  Operating engineers and other construction equipment operators,468.0,487.6,19.6,4.2,"56,160",High school diploma or equivalent
  Drywall and ceiling tile installers,116.6,120.4,3.8,3.3,"55,700",No formal educational credential
  Tapers,20.0,19.8,-0.1,-0.7,"63,350",No formal educational credential
  Electricians,779.8,864.1,84.3,10.8,"61,590",High school diploma or equivalent
  Glaziers,56.5,58.6,2.1,3.8,"51,100",High school diploma or equivalent
"  Insulation workers, floor, ceiling, and wall",39.1,40.2,1.0,2.7,"47,540",No formal educational credential
"  Insulation workers, mechanical",23.4,24.6,1.2,5.1,"53,920",High school diploma or equivalent
"  Painters, construction and maintenance",338.9,352.4,13.6,4.0,"47,700",No formal educational credential
  Paperhangers,2.9,3.1,0.2,5.7,"48,460",No formal educational credential
  Pipelayers,37.3,36.4,-0.9,-2.3,"47,330",No formal educational credential
"  Plumbers, pipefitters, and steamfitters",473.4,499.7,26.3,5.6,"61,550",High school diploma or equivalent
  Plasterers and stucco masons,24.1,24.9,0.8,3.3,"52,640",No formal educational credential
  Reinforcing iron and rebar workers,21.9,22.9,0.9,4.2,"54,850",High school diploma or equivalent
  Roofers,168.1,177.9,9.8,5.8,"50,030",No formal educational credential
  Sheet metal workers,124.2,127.1,2.9,2.3,"58,780",High school diploma or equivalent
  Structural iron and steel workers,66.1,68.9,2.7,4.1,"62,760",High school diploma or equivalent
  Solar photovoltaic installers,25.0,37.0,12.0,48.0,"48,800",High school diploma or equivalent
"  Helpers--brickmasons, blockmasons, stonemasons, and tile and marble setters",17.1,15.6,-1.6,-9.1,"42,470",No formal educational credential
  Helpers--carpenters,22.3,21.6,-0.7,-3.0,"39,380",No formal educational credential
  Helpers--electricians,71.5,72.2,0.7,1.0,"38,340",High school diploma or equivalent
"  Helpers--painters, paperhangers, plasterers, and stucco masons",7.8,8.0,0.1,1.9,"37,010",No formal educational credential
"  Helpers--pipelayers, plumbers, pipefitters, and steamfitters",47.1,49.8,2.8,5.9,"37,650",High school diploma or equivalent
  Helpers--roofers,4.8,5.0,0.3,5.6,"38,620",No formal educational credential
"  Helpers, construction trades, all other[2]",28.0,30.4,2.3,8.3,"40,220",No formal educational credential
  Construction and building inspectors,142.6,142.7,0.0,0.0,"67,700",High school diploma or equivalent
  Elevator and escalator installers and repairers,24.4,25.8,1.4,5.7,"102,420",High school diploma or equivalent
  Fence erectors,24.3,25.5,1.2,4.8,"44,410",No formal educational credential
  Hazardous materials removal workers,50.3,50.9,0.5,1.0,"47,280",High school diploma or equivalent
  Highway maintenance workers,160.4,166.5,6.1,3.8,"47,360",High school diploma or equivalent
  Rail-track laying and maintenance equipment operators,17.7,18.1,0.4,2.5,"67,000",High school diploma or equivalent
  Septic tank servicers and sewer pipe cleaners,30.1,32.6,2.4,8.1,"46,910",High school diploma or equivalent
  Miscellaneous construction and related workers[2],31.6,32.9,1.3,4.0,"47,090",High school diploma or equivalent
"  Derrick operators, oil and gas",12.1,12.5,0.4,3.1,"58,210",No formal educational credential
"  Rotary drill operators, oil and gas",12.8,13.1,0.3,2.2,"61,770",No formal educational credential
"  Service unit operators, oil and gas",48.7,49.7,1.0,2.1,"55,750",No formal educational credential
"  Excavating and loading machine and dragline operators, surface mining",34.4,34.1,-0.3,-0.8,"50,050",High school diploma or equivalent
"  Earth drillers, except oil and gas",18.9,19.7,0.8,4.0,"56,660",High school diploma or equivalent
"  Explosives workers, ordnance handling experts, and blasters",4.8,4.8,0.1,1.2,"61,590",High school diploma or equivalent
  Continuous mining machine operators,16.1,15.8,-0.3,-1.8,"61,420",No formal educational credential
"  Roof bolters, mining",2.0,1.4,-0.6,-32.0,"66,660",High school diploma or equivalent
"  Loading and moving machine operators, underground mining",5.3,4.1,-1.2,-22.9,"64,070",No formal educational credential
"  Underground mining machine operators, all other[2]",2.6,2.5,-0.1,-4.5,"68,910",No formal educational credential
"  Rock splitters, quarry",3.7,3.8,0.1,2.8,"46,530",No formal educational credential
"  Roustabouts, oil and gas",46.0,48.6,2.5,5.5,"46,340",No formal educational credential
  Helpers--extraction workers,7.7,7.8,0.1,1.8,"45,520",High school diploma or equivalent
"  Extraction workers, all other[2]",7.4,7.4,0.0,-0.5,"49,580",High school diploma or equivalent
"  First-line supervisors of mechanics, installers, and repairers",604.3,626.2,21.9,3.6,"75,820",High school diploma or equivalent
"  Computer, automated teller, and office machine repairers",85.7,84.0,-1.7,-2.0,"45,760","Some college, no degree"
"  Radio, cellular, and tower equipment installers and repairers",12.0,12.9,0.8,6.8,"61,310",Associate's degree
"  Telecommunications equipment installers and repairers, except line installers",162.3,156.8,-5.5,-3.4,"61,270",Postsecondary nondegree award
  Avionics technicians,21.9,23.5,1.7,7.6,"77,420",Postsecondary nondegree award
"  Electric motor, power tool, and related repairers",17.7,18.6,0.9,5.0,"49,230",High school diploma or equivalent
"  Electrical and electronics installers and repairers, transportation equipment",7.6,8.2,0.5,6.9,"79,160",Postsecondary nondegree award
"  Electrical and electronics repairers, commercial and industrial equipment",59.8,60.5,0.7,1.2,"66,680",Postsecondary nondegree award
"  Electrical and electronics repairers, powerhouse, substation, and relay",25.4,25.7,0.2,0.8,"96,600",Postsecondary nondegree award
"  Electronic equipment installers and repairers, motor vehicles",9.1,7.9,-1.2,-13.2,"45,570",High school diploma or equivalent
  Audiovisual equipment installers and repairers,27.8,28.3,0.5,1.9,"48,380",Postsecondary nondegree award
  Security and fire alarm systems installers,86.0,93.4,7.4,8.6,"56,430",High school diploma or equivalent
  Aircraft mechanics and service technicians,141.4,148.7,7.3,5.2,"75,020",Postsecondary nondegree award
  Automotive body and related repairers,169.2,171.4,2.1,1.3,"48,740",High school diploma or equivalent
  Automotive glass installers and repairers,21.7,22.1,0.4,2.0,"45,320",High school diploma or equivalent
  Automotive service technicians and mechanics,794.6,815.9,21.2,2.7,"47,770",Postsecondary nondegree award
  Bus and truck mechanics and diesel engine specialists,300.2,308.7,8.5,2.8,"58,970",High school diploma or equivalent
  Farm equipment mechanics and service technicians,48.0,53.5,5.5,11.4,"49,210",High school diploma or equivalent
"  Mobile heavy equipment mechanics, except engines",191.1,207.3,16.2,8.5,"61,900",High school diploma or equivalent
  Rail car repairers,20.2,21.1,0.9,4.4,"65,030",High school diploma or equivalent
  Motorboat mechanics and service technicians,26.1,27.8,1.8,6.7,"49,990",High school diploma or equivalent
  Motorcycle mechanics,16.0,16.4,0.4,2.5,"46,270",Postsecondary nondegree award
  Outdoor power equipment and other small engine mechanics,40.0,41.2,1.2,2.9,"44,140",High school diploma or equivalent
  Bicycle repairers,14.5,15.3,0.8,5.6,"38,320",High school diploma or equivalent
  Recreational vehicle service technicians,18.4,20.2,1.8,9.9,"47,950",High school diploma or equivalent
  Tire repairers and changers,107.6,113.3,5.7,5.3,"35,790",High school diploma or equivalent
  Mechanical door repairers,27.7,30.9,3.2,11.4,"48,650",High school diploma or equivalent
"  Control and valve installers and repairers, except mechanical door",48.8,49.6,0.8,1.6,"70,100",High school diploma or equivalent
"  Heating, air conditioning, and refrigeration mechanics and installers",441.2,481.3,40.1,9.1,"57,300",Postsecondary nondegree award
  Home appliance repairers,37.5,37.8,0.3,0.8,"47,170",High school diploma or equivalent
  Industrial machinery mechanics,429.5,503.3,73.8,17.2,"61,420",High school diploma or equivalent
"  Maintenance workers, machinery",59.0,63.6,4.6,7.8,"57,350",High school diploma or equivalent
  Millwrights,42.3,44.3,2.0,4.8,"62,980",High school diploma or equivalent
"  Refractory materials repairers, except brickmasons",0.6,0.5,-0.1,-17.8,"48,410",High school diploma or equivalent
  Electrical power-line installers and repairers,123.4,132.8,9.4,7.6,"85,420",High school diploma or equivalent
  Telecommunications line installers and repairers,102.2,99.4,-2.8,-2.7,"64,640",High school diploma or equivalent
  Camera and photographic equipment repairers,2.6,2.2,-0.4,-16.9,"46,850",High school diploma or equivalent
  Medical equipment repairers,67.0,79.3,12.3,18.4,"60,670",Associate's degree
  Musical instrument repairers and tuners,6.3,6.4,0.1,1.5,"42,800",High school diploma or equivalent
  Watch and clock repairers,1.9,1.9,0.0,0.0,"58,140",High school diploma or equivalent
"  Precision instrument and equipment repairers, all other[2]",10.9,11.2,0.4,3.5,"62,040",High school diploma or equivalent
"  Maintenance and repair workers, general","1,616.5","1,698.3",81.8,5.1,"46,700",High school diploma or equivalent
  Wind turbine service technicians,11.4,18.2,6.8,60.1,"61,770",Postsecondary nondegree award
"  Coin, vending, and amusement machine servicers and repairers",39.3,39.2,-0.1,-0.4,"44,980",High school diploma or equivalent
  Commercial divers,3.2,3.5,0.3,8.3,"61,300",Postsecondary nondegree award
  Locksmiths and safe repairers,17.6,15.8,-1.7,-9.9,"48,380",High school diploma or equivalent
  Manufactured building and mobile home installers,3.3,2.7,-0.6,-19.6,"38,980",High school diploma or equivalent
  Riggers,24.2,25.4,1.2,4.9,"56,220",High school diploma or equivalent
  Signal and track switch repairers,9.3,9.5,0.2,2.3,"82,710",High school diploma or equivalent
"  Helpers--installation, maintenance, and repair workers",104.6,109.2,4.6,4.4,"36,710",High school diploma or equivalent
"  Installation, maintenance, and repair workers, all other[2]",201.5,208.7,7.2,3.6,"46,500",High school diploma or equivalent
  First-line supervisors of production and operating workers,690.9,695.1,4.2,0.6,"65,930",High school diploma or equivalent
"  Aircraft structure, surfaces, rigging, and systems assemblers",31.4,26.3,-5.2,-16.4,"61,240",High school diploma or equivalent
"  Coil winders, tapers, and finishers",12.1,10.9,-1.1,-9.3,"44,890",High school diploma or equivalent
"  Electrical, electronic, and electromechanical assemblers, except coil winders, tapers, and finishers",271.1,290.6,19.5,7.2,"40,490",High school diploma or equivalent
  Engine and other machine assemblers,49.0,38.6,-10.4,-21.3,"50,270",High school diploma or equivalent
  Structural metal fabricators and fitters,59.3,50.3,-9.1,-15.3,"48,480",High school diploma or equivalent
  Fiberglass laminators and fabricators,20.9,21.8,1.0,4.6,"40,200",High school diploma or equivalent
  Timing device assemblers and adjusters,0.4,0.3,-0.1,-16.3,"48,840",High school diploma or equivalent
  Miscellaneous assemblers and fabricators[2],"1,520.8","1,527.9",7.0,0.5,"38,920",High school diploma or equivalent
  Bakers,243.4,256.1,12.7,5.2,"34,950",No formal educational credential
  Butchers and meat cutters,139.1,136.2,-2.9,-2.1,"37,650",No formal educational credential
"  Meat, poultry, and fish cutters and trimmers",141.1,147.7,6.6,4.7,"36,300",No formal educational credential
  Slaughterers and meat packers,72.8,73.8,1.0,1.4,"38,160",No formal educational credential
"  Food and tobacco roasting, baking, and drying machine operators and tenders",19.6,20.0,0.4,2.2,"39,850",No formal educational credential
  Food batchmakers,171.3,186.8,15.5,9.1,"38,460",High school diploma or equivalent
  Food cooking machine operators and tenders,30.7,31.1,0.3,1.0,"38,550",High school diploma or equivalent
"  Food processing workers, all other[2]",66.8,69.7,2.9,4.4,"36,890",No formal educational credential
"  Extruding and drawing machine setters, operators, and tenders, metal and plastic",64.1,65.3,1.3,2.0,"44,390",High school diploma or equivalent
"  Forging machine setters, operators, and tenders, metal and plastic",9.3,7.9,-1.5,-15.7,"46,990",High school diploma or equivalent
"  Rolling machine setters, operators, and tenders, metal and plastic",25.0,23.1,-1.9,-7.7,"47,040",High school diploma or equivalent
"  Cutting, punching, and press machine setters, operators, and tenders, metal and plastic",181.3,161.0,-20.3,-11.2,"42,400",High school diploma or equivalent
"  Drilling and boring machine tool setters, operators, and tenders, metal and plastic",5.8,4.7,-1.1,-19.2,"44,620",High school diploma or equivalent
"  Grinding, lapping, polishing, and buffing machine tool setters, operators, and tenders, metal and plastic",76.3,68.1,-8.2,-10.7,"42,610",High school diploma or equivalent
"  Lathe and turning machine tool setters, operators, and tenders, metal and plastic",19.7,17.5,-2.3,-11.4,"47,110",High school diploma or equivalent
"  Milling and planing machine setters, operators, and tenders, metal and plastic",14.1,12.3,-1.8,-12.9,"47,200",High school diploma or equivalent
  Machinists,298.0,303.0,5.0,1.7,"50,840",High school diploma or equivalent
  Metal-refining furnace operators and tenders,21.4,20.4,-1.0,-4.8,"50,250",High school diploma or equivalent
"  Pourers and casters, metal",5.6,5.2,-0.4,-6.7,"48,690",High school diploma or equivalent
"  Model makers, metal and plastic",2.9,2.4,-0.5,-17.6,"64,190",High school diploma or equivalent
"  Patternmakers, metal and plastic",2.2,1.7,-0.5,-22.2,"49,670",High school diploma or equivalent
  Foundry mold and coremakers,11.8,8.9,-2.9,-24.6,"44,300",High school diploma or equivalent
"  Molding, coremaking, and casting machine setters, operators, and tenders, metal and plastic",158.8,154.9,-3.9,-2.5,"38,870",High school diploma or equivalent
"  Multiple machine tool setters, operators, and tenders, metal and plastic",130.0,132.3,2.3,1.8,"41,600",High school diploma or equivalent
  Tool and die makers,59.1,53.3,-5.8,-9.7,"61,490",Postsecondary nondegree award
"  Welders, cutters, solderers, and brazers",454.5,463.8,9.3,2.0,"48,940",High school diploma or equivalent
"  Welding, soldering, and brazing machine setters, operators, and tenders",35.6,32.5,-3.2,-8.9,"45,350",High school diploma or equivalent
"  Heat treating equipment setters, operators, and tenders, metal and plastic",15.2,13.8,-1.4,-9.5,"44,240",High school diploma or equivalent
"  Layout workers, metal and plastic",6.9,6.7,-0.2,-3.5,"62,270",High school diploma or equivalent
"  Plating machine setters, operators, and tenders, metal and plastic",32.4,28.8,-3.6,-11.1,"39,740",High school diploma or equivalent
"  Tool grinders, filers, and sharpeners",6.8,6.3,-0.5,-7.8,"46,410",High school diploma or equivalent
"  Metal workers and plastic workers, all other[2]",20.7,19.2,-1.4,-6.9,"41,200",High school diploma or equivalent
  Prepress technicians and workers,23.3,19.0,-4.3,-18.5,"45,070",Postsecondary nondegree award
  Printing press operators,156.2,141.3,-14.9,-9.5,"41,860",High school diploma or equivalent
  Print binding and finishing workers,38.1,31.4,-6.7,-17.5,"38,100",High school diploma or equivalent
  Laundry and dry-cleaning workers,195.4,206.2,10.8,5.5,"31,050",No formal educational credential
"  Pressers, textile, garment, and related materials",29.3,25.8,-3.5,-12.0,"32,240",No formal educational credential
  Sewing machine operators,128.7,111.8,-17.0,-13.2,"34,440",No formal educational credential
  Shoe and leather workers and repairers,9.4,8.3,-1.1,-11.9,"36,020",High school diploma or equivalent
  Shoe machine operators and tenders,6.1,5.2,-0.8,-13.6,"36,970",High school diploma or equivalent
"  Sewers, hand",5.6,4.9,-0.7,-12.2,"32,240",No formal educational credential
"  Tailors, dressmakers, and custom sewers",24.6,23.0,-1.6,-6.5,"36,650",No formal educational credential
  Textile bleaching and dyeing machine operators and tenders,6.9,6.1,-0.7,-10.3,"35,340",High school diploma or equivalent
"  Textile cutting machine setters, operators, and tenders",9.9,8.7,-1.2,-11.7,"36,620",High school diploma or equivalent
"  Textile knitting and weaving machine setters, operators, and tenders",16.4,14.4,-1.9,-11.8,"37,130",High school diploma or equivalent
"  Textile winding, twisting, and drawing out machine setters, operators, and tenders",24.1,22.0,-2.1,-8.8,"35,530",High school diploma or equivalent
"  Extruding and forming machine setters, operators, and tenders, synthetic and glass fibers",15.1,14.7,-0.5,-3.1,"44,030",High school diploma or equivalent
  Fabric and apparel patternmakers,2.7,2.4,-0.3,-11.7,"62,510",High school diploma or equivalent
  Upholsterers,30.7,30.1,-0.6,-2.0,"42,730",High school diploma or equivalent
"  Textile, apparel, and furnishings workers, all other[2]",15.6,14.1,-1.5,-9.5,"35,130",High school diploma or equivalent
  Cabinetmakers and bench carpenters,99.7,97.0,-2.7,-2.7,"43,260",High school diploma or equivalent
  Furniture finishers,18.2,17.9,-0.3,-1.6,"39,790",High school diploma or equivalent
"  Model makers, wood",1.1,1.0,-0.1,-12.8,"45,040",High school diploma or equivalent
"  Patternmakers, wood",0.5,0.4,-0.1,-13.5,"48,630",High school diploma or equivalent
"  Sawing machine setters, operators, and tenders, wood",45.6,45.3,-0.2,-0.5,"38,000",High school diploma or equivalent
"  Woodworking machine setters, operators, and tenders, except sawing",60.6,59.3,-1.3,-2.2,"38,260",High school diploma or equivalent
"  Woodworkers, all other[2]",15.1,13.1,-2.0,-13.5,"37,760",High school diploma or equivalent
  Nuclear power reactor operators,5.8,5.2,-0.6,-10.3,"120,350",High school diploma or equivalent
  Power distributors and dispatchers,9.2,9.1,-0.1,-1.4,"104,750",High school diploma or equivalent
  Power plant operators,32.4,29.3,-3.1,-9.4,"97,010",High school diploma or equivalent
  Stationary engineers and boiler operators,35.5,36.9,1.4,4.1,"67,640",High school diploma or equivalent
  Water and wastewater treatment plant and system operators,124.7,117.2,-7.5,-6.0,"54,890",High school diploma or equivalent
  Chemical plant and system operators,18.4,18.2,-0.1,-0.8,"80,030",High school diploma or equivalent
  Gas plant operators,16.1,14.6,-1.6,-9.8,"82,560",High school diploma or equivalent
"  Petroleum pump system operators, refinery operators, and gaugers",33.6,32.8,-0.8,-2.3,"94,580",High school diploma or equivalent
"  Plant and system operators, all other[2]",15.8,16.3,0.5,3.2,"56,940",High school diploma or equivalent
  Chemical equipment operators and tenders,121.9,115.4,-6.5,-5.4,"51,720",High school diploma or equivalent
"  Separating, filtering, clarifying, precipitating, and still machine setters, operators, and tenders",53.4,54.3,0.9,1.7,"48,120",High school diploma or equivalent
"  Crushing, grinding, and polishing machine setters, operators, and tenders",26.5,26.3,-0.3,-1.0,"44,510",High school diploma or equivalent
"  Grinding and polishing workers, hand",12.5,10.3,-2.2,-17.8,"38,940",No formal educational credential
"  Mixing and blending machine setters, operators, and tenders",107.8,112.4,4.7,4.3,"46,100",High school diploma or equivalent
"  Cutters and trimmers, hand",6.9,5.6,-1.3,-18.4,"37,040",No formal educational credential
"  Cutting and slicing machine setters, operators, and tenders",52.5,51.1,-1.4,-2.7,"44,310",High school diploma or equivalent
"  Extruding, forming, pressing, and compacting machine setters, operators, and tenders",57.2,58.7,1.6,2.7,"42,670",High school diploma or equivalent
"  Furnace, kiln, oven, drier, and kettle operators and tenders",15.2,15.5,0.3,2.0,"45,640",High school diploma or equivalent
"  Inspectors, testers, sorters, samplers, and weighers",595.5,577.7,-17.8,-3.0,"45,850",High school diploma or equivalent
  Jewelers and precious stone and metal workers,46.2,44.5,-1.7,-3.7,"47,450",High school diploma or equivalent
  Dental laboratory technicians,35.1,33.7,-1.5,-4.2,"47,690",High school diploma or equivalent
  Medical appliance technicians,13.0,13.5,0.5,3.9,"44,960",High school diploma or equivalent
  Ophthalmic laboratory technicians,18.9,19.2,0.3,1.6,"37,720",High school diploma or equivalent
  Packaging and filling machine operators and tenders,367.9,392.5,24.6,6.7,"38,330",High school diploma or equivalent
"  Painting, coating, and decorating workers",11.4,11.6,0.2,1.5,"40,230",No formal educational credential
"  Coating, painting, and spraying machine setters, operators, and tenders",167.9,169.9,2.0,1.2,"45,560",High school diploma or equivalent
  Semiconductor processing technicians,26.6,30.1,3.4,13.0,"45,850",High school diploma or equivalent
  Photographic process workers and processing machine operators,9.2,9.4,0.1,1.5,"35,620",High school diploma or equivalent
  Computer numerically controlled tool operators,189.9,172.4,-17.5,-9.2,"48,550",High school diploma or equivalent
  Computer numerically controlled tool programmers,28.3,32.5,4.2,14.9,"63,440",Postsecondary nondegree award
  Adhesive bonding machine operators and tenders,12.5,12.4,-0.1,-0.5,"43,540",High school diploma or equivalent
"  Cleaning, washing, and metal pickling equipment operators and tenders",15.8,16.6,0.7,4.5,"39,340",High school diploma or equivalent
  Cooling and freezing equipment operators and tenders,7.1,7.8,0.7,9.4,"42,420",High school diploma or equivalent
  Etchers and engravers,11.7,11.9,0.3,2.3,"40,040",High school diploma or equivalent
"  Molders, shapers, and casters, except metal and plastic",49.2,51.8,2.6,5.3,"43,310",High school diploma or equivalent
"  Paper goods machine setters, operators, and tenders",95.2,83.3,-11.9,-12.5,"47,250",High school diploma or equivalent
  Tire builders,20.7,21.3,0.6,3.1,"54,080",High school diploma or equivalent
  Helpers--production workers,183.5,168.4,-15.2,-8.3,"36,700",High school diploma or equivalent
"  Production workers, all other[2]",265.1,270.1,5.0,1.9,"37,430",High school diploma or equivalent
  Aircraft cargo handling supervisors,9.1,9.7,0.7,7.7,"58,920",High school diploma or equivalent
"  First-line supervisors of transportation and material moving workers, except aircraft cargo handling supervisors[2]",594.1,625.6,31.5,5.3,"60,510",High school diploma or equivalent
"  Airline pilots, copilots, and flight engineers",96.3,101.1,4.8,5.0,"219,140",Bachelor's degree
  Commercial pilots,56.5,59.7,3.2,5.7,"113,080",Postsecondary nondegree award
  Air traffic controllers,24.0,24.7,0.7,2.9,"137,380",Associate's degree
  Airfield operations specialists,18.7,19.7,1.0,5.3,"51,140",High school diploma or equivalent
  Flight attendants,130.3,143.2,12.9,9.9,"68,370",High school diploma or equivalent
"  Ambulance drivers and attendants, except emergency medical technicians",11.6,11.6,0.0,-0.1,"32,580",High school diploma or equivalent
  Driver/sales workers,503.2,549.3,46.1,9.2,"35,420",High school diploma or equivalent
  Heavy and tractor-trailer truck drivers,"2,211.3","2,313.4",102.0,4.6,"54,320",Postsecondary nondegree award
  Light truck drivers,"1,092.6","1,188.9",96.3,8.8,"42,470",High school diploma or equivalent
"  Bus drivers, school[2]",365.3,368.9,3.6,1.0,"45,660",High school diploma or equivalent
"  Bus drivers, transit and intercity",194.1,204.1,10.1,5.2,"60,170",High school diploma or equivalent
  Shuttle drivers and chauffeurs[2],222.3,241.3,19.0,8.5,"35,240",No formal educational credential
  Taxi drivers[2],171.1,193.8,22.7,13.3,"34,680",No formal educational credential
"  Motor vehicle operators, all other[2]",86.5,93.6,7.1,8.3,"35,690",No formal educational credential
  Locomotive engineers,27.5,27.9,0.4,1.3,"74,770",High school diploma or equivalent
"  Rail yard engineers, dinkey operators, and hostlers",2.4,2.4,0.0,0.5,"57,070",High school diploma or equivalent
"  Railroad brake, signal, and switch operators and locomotive firers",12.0,12.1,0.2,1.5,"63,540",High school diploma or equivalent
  Railroad conductors and yardmasters,41.1,41.9,0.8,1.9,"71,130",High school diploma or equivalent
  Subway and streetcar operators,15.4,16.0,0.7,4.2,"84,270",High school diploma or equivalent
"  Rail transportation workers, all other[2]",1.9,2.0,0.1,3.5,"44,660",High school diploma or equivalent
  Sailors and marine oilers,32.1,33.2,1.1,3.5,"48,400",No formal educational credential
"  Captains, mates, and pilots of water vessels",40.2,41.2,0.9,2.3,"88,730",Postsecondary nondegree award
  Motorboat operators,3.1,3.2,0.1,3.4,"46,420",Postsecondary nondegree award
  Ship engineers,9.5,9.8,0.3,3.4,"94,270",Postsecondary nondegree award
  Bridge and lock tenders,3.6,3.6,0.0,0.5,"49,120",High school diploma or equivalent
  Parking attendants,120.9,127.3,6.4,5.3,"32,840",No formal educational credential
  Automotive and watercraft service attendants,94.6,94.5,-0.1,-0.1,"33,820",No formal educational credential
  Aircraft service attendants[2],25.2,26.7,1.6,6.2,"39,110",High school diploma or equivalent
  Traffic technicians,7.8,8.2,0.3,4.2,"52,240",High school diploma or equivalent
  Transportation inspectors,29.7,30.8,1.2,3.9,"87,290",High school diploma or equivalent
  Passenger attendants,21.6,22.9,1.3,5.8,"35,620",High school diploma or equivalent
"  Transportation workers, all other[2]",11.3,11.9,0.6,5.3,"40,300",High school diploma or equivalent
  Conveyor operators and tenders,30.4,30.1,-0.3,-0.9,"39,260",No formal educational credential
  Crane and tower operators,42.6,44.2,1.6,3.7,"64,690",High school diploma or equivalent
  Dredge operators,1.2,1.2,0.0,2.1,"50,440",High school diploma or equivalent
  Hoist and winch operators,2.7,2.7,0.0,-0.5,"55,950",No formal educational credential
  Industrial truck and tractor operators,770.8,791.9,21.2,2.7,"44,470",No formal educational credential
  Cleaners of vehicles and equipment,402.7,420.6,17.8,4.4,"34,150",No formal educational credential
"  Laborers and freight, stock, and material movers, hand","3,004.8","3,130.6",125.7,4.2,"37,660",No formal educational credential
  Machine feeders and offbearers,43.8,38.2,-5.6,-12.7,"39,250",No formal educational credential
"  Packers and packagers, hand",641.3,614.3,-26.9,-4.2,"34,830",No formal educational credential
  Stockers and order fillers,"2,864.7","3,033.3",168.6,5.9,"36,390",High school diploma or equivalent
  Gas compressor and gas pumping station operators,4.5,4.5,0.1,1.2,"61,870",High school diploma or equivalent
"  Pump operators, except wellhead pumpers",11.7,12.3,0.6,5.0,"54,690",High school diploma or equivalent
  Wellhead pumpers,19.4,19.0,-0.4,-2.0,"71,830",High school diploma or equivalent
  Refuse and recyclable material collectors,148.4,151.9,3.5,2.3,"45,760",No formal educational credential
"  Tank car, truck, and ship loaders",12.7,13.2,0.5,3.9,"58,620",No formal educational credential
"  Material moving workers, all other[2]",26.5,27.6,1.2,4.4,"40,310",No formal educational credential
,,,,,,
,,,,,,
,,,,,,
,,,,,,
,,,,,,
,,,,,,